"Product ID","Product Name","Brand Name",Category,Price,"About Product",Image
P1,"DC Superhereos Supergirl Nail Art Kit",Beautx,Beauty,8.87,"2"" high | 4"" wide | Nail Art Strips are a fast and easy way to add fun to your look | Includes 12 nail art strips, a nail file and wooden application stick | Easy to follow directions | Super girl design officially licensed by DC Comics | Look for all the DC Comics costumes and accessories in sizes and styles for every one in the family",https://images-na.ssl-images-amazon.com/images/I/41O2VEDHcpL.jpg|https://images-na.ssl-images-amazon.com/images/I/41eHLlXPfXL.jpg
P2,Herschel,"Lifecycle Fashion",Clothing,39.85,"Polyethylene Foam | Magnetic closure | 11"" high | 10"" wide | Pockets: 1 exterior",https://images-na.ssl-images-amazon.com/images/I/51-PGej3ZVL.jpg|https://images-na.ssl-images-amazon.com/images/I/317HhY3s0mL.jpg|https://images-na.ssl-images-amazon.com/images/I/31ujwxT8EHL.jpg|https://images-na.ssl-images-amazon.com/images/I/51PZBVy1BKL.jpg|https://images-na.ssl-images-amazon.com/images/I/511XMjCyuPL.jpg|https://images-na.ssl-images-amazon.com/images/I/51HQ1MFtPEL.jpg|https://images-na.ssl-images-amazon.com/images/I/41GK-HjE02L.jpg
P3,"Amscan Patriotic Single Hair Extension, Party Accessory, Red, White & Blue","Cellar Charm",Beauty,5.03,"Make sure this fits by entering your model number. | 100% Synthetic fiber | Measures 15"" | Perfect for adding an extra boost of color to game days, costume parties, mardi gras or any party | Complement any costume with this patriotic hair extension",https://images-na.ssl-images-amazon.com/images/I/31EEwGFp8RL.jpg|https://images-na.ssl-images-amazon.com/images/I/51FGSLv3mJL.jpg
P4,"Rubies Black Eyelashes and Adhesive",Beautx,Beauty,7.15,"Make sure this fits by entering your model number. | Fun costumes for kids and adults | 1 Pair of false eyelashes and .03-ounces adhesive^Eye-catching extra long with feathery look^Don't wait for a special occasion, fun anytime you want to add some color^Search for a wide variety of eyelash styles with embellishments and vivid colors; temporary tattoos, wigs and accessories from Rubies^Since 1950 Rubies costume company has been making dress-up fun with costumes and accessories for the entire family",https://images-na.ssl-images-amazon.com/images/I/51dO6eoB-2L.jpg|https://images-na.ssl-images-amazon.com/images/I/41xszbHbCtL.jpg
P5,"Wildkin 33600 Monsters Lunch Box, Insulated, Moisture Resistant, and Easy to Clean with Helpful Extras for Quick and Simple Organization, Olive Kids Design",JUSK,Home,14.99,"Make sure this fits by entering your model number. | DO YOUR PART FOR THE ENVIRONMENT AT A GREAT PRICE ‚Äì Say ‚Äúgoodbye‚Äù to those brown paper bag days and ‚Äúhello‚Äù to a more environmentally friendly approach to lunch time. Reduce waste and save money with our reusable lunch box! | BOLD PATTERNS ‚Äì Wildkin‚Äôs lunch box line is not only one of the best options on the market, but each pattern offers a fun and bold look that make it fun to carry around. Pick your favorite color or let your little one select a pattern with their favorite theme. | SUPERIOR QUALITY ‚Äì Premium fabric makes this lunch box durable, sturdy and easy to clean. Insulation helps retain hot and cold temperatures throughout the day to improve food quality, freshness and taste. | TRAVEL-FRIENDLY DESIGN ‚Äì Each compact, lightweight lunch box can hold a good-sized container with plenty of room for snacks, utensils and juice boxes. Features include a zippered front pocket for hiding a surprise dessert or fun note, inner elastic tabs to secure water bottles or ice packs, and a handy inner mesh pouch perfect for napkins and utensils. | SPACIOUS DESIGN ‚Äì Measures 9.75 x 7.5 x 3.25 inches. You‚Äôll find it super spacious and will have no problem fitting your lunch inside. Best of all, our lunch box is compatible with the Bentgo Kids bento box and the Yumbox Original, Panino, Tapas, and MiniSnack bento boxes. So go ahead, pack that extra treat! | COORDINATES WITH OTHER WILDKIN GEAR ‚Äì Make a theme out of it! Each lunch box was designed to coordinate with other Wildkin gear. From backpacks, to duffel bags, to sleeping bags, your child will love having their favorite designs with them on-the-go. | GUARANTEED SATISFACTION ‚Äì PVC, BPA and Phthalate-free makes this an eco-friendly option with an unmatched quality and a reliable replacement warranty for service you can trust. | Manufacturer recommended age: 3-15 years",https://images-na.ssl-images-amazon.com/images/I/51tgIm76drL.jpg|https://images-na.ssl-images-amazon.com/images/I/51KvFk8CCQL.jpg|https://images-na.ssl-images-amazon.com/images/I/413IRLI7KhL.jpg|https://images-na.ssl-images-amazon.com/images/I/415uOINT53L.jpg|https://images-na.ssl-images-amazon.com/images/I/41-CbdxlUQL.jpg|https://images-na.ssl-images-amazon.com/images/I/51RA9Z0V3JL.jpg|https://images-na.ssl-images-amazon.com/images/I/41UH90D8xqL.jpg
P6,"PUMA Kids' Big Evercat Meridian Youth Backpack","Evolution Clothes",Clothing,24.10,"100% Polyester | Imported | Textile lining | 14"" shoulder drop | Hand Wash | 15.5"" high | 11"" wide | Pockets: 5, 4",https://images-na.ssl-images-amazon.com/images/I/41xDOJAEgRL.jpg|https://images-na.ssl-images-amazon.com/images/I/41NA0CjLyTL.jpg|https://images-na.ssl-images-amazon.com/images/I/51w4ihBYGvL.jpg
P7,"Paw Patrol Boys' Group Short Sleeve T-Shirt","BestPrice Clothing",Clothing,4.99,"100% Cotton | Pull On closure | Machine Wash | Short-sleeve crew-neck tee with large Paw Patrol screenprint on front",https://images-na.ssl-images-amazon.com/images/I/51S4pLjomtL.jpg
P8,"Wildkin Kids Insulated Lunch Box for Boys and Girls, Perfect Size for Packing Hot or Cold Snacks for School and Travel, Patterns Coordinate with Our Backpacks and Duffel Bags, Heroes",JUSK,Home,12.77,"Make sure this fits by entering your model number. | DO YOUR PART FOR THE ENVIRONMENT AT A GREAT PRICE ‚Äì Say ‚Äúgoodbye‚Äù to those brown paper bag days and ‚Äúhello‚Äù to a more environmentally friendly approach to lunch time. Reduce waste and save money with our reusable lunch box! | BOLD PATTERNS ‚Äì Wildkin‚Äôs lunch box line is not only one of the best options on the market, but each pattern offers a fun and bold look that make it fun to carry around. Pick your favorite color or let your little one select a pattern with their favorite theme. | SUPERIOR QUALITY ‚Äì Premium fabric makes this lunch box durable, sturdy and easy to clean. Insulation helps retain hot and cold temperatures throughout the day to improve food quality, freshness and taste. | TRAVEL-FRIENDLY DESIGN ‚Äì Each compact, lightweight lunch box can hold a good-sized container with plenty of room for snacks, utensils and juice boxes. Features include a zippered front pocket for hiding a surprise dessert or fun note and a handy inner mesh pouch perfect for napkins and utensils. | SPACIOUS DESIGN ‚Äì Measures 9.75 x 7.5 x 3.25 inches. You‚Äôll find it super spacious and will have no problem fitting your lunch inside. Best of all, our lunch box is compatible with the Bentgo Kids bento box and the Yumbox Original, Panino, Tapas, and MiniSnack bento boxes. So go ahead, pack that extra treat! | COORDINATES WITH OTHER WILDKIN GEAR ‚Äì Make a theme out of it! Each lunch box was designed to coordinate with other Wildkin gear. From backpacks, to duffel bags, to sleeping bags, your child will love having their favorite designs with them on-the-go. | GUARANTEED SATISFACTION ‚Äì PVC, BPA and Phthalate-free makes this an eco-friendly option with an unmatched quality and a reliable replacement warranty for service you can trust. | Sturdy, durable, fabric construction | Pvc, bpa & phthalate-free | Available in lots of great patterns | Insulated and easy-to-clean | Zippered front pocket | Manufacturer recommended age: 3-15 years",https://images-na.ssl-images-amazon.com/images/I/51i2uWhcKeL.jpg|https://images-na.ssl-images-amazon.com/images/I/41q4xxONgrL.jpg|https://images-na.ssl-images-amazon.com/images/I/413IRLI7KhL.jpg|https://images-na.ssl-images-amazon.com/images/I/513wByzux4L.jpg|https://images-na.ssl-images-amazon.com/images/I/51o31KiT4zL.jpg|https://images-na.ssl-images-amazon.com/images/I/51mZs56LA1L.jpg|https://images-na.ssl-images-amazon.com/images/I/41VEx8jUOGL.jpg
P9,"Costume Sunglasses Clear Lens Dalmatian Bone Sun-Staches Party Favors UV400","BestPrice Clothing",Clothing,7.92,"Make sure this fits by entering your model number. | 99% Plastic / 1% Brass | Imported | All Sun-Staches Sunglasses provide 100% UV400 protection and impact resistant lenses because we care! | Instant party starter and very comfortable to wear | Great for kids and adults, one size fits most | As seen on the popular show, Shark Tank | Perfect for a themed party or costume embellishment",https://images-na.ssl-images-amazon.com/images/I/41vtPLNq7zL.jpg|https://images-na.ssl-images-amazon.com/images/I/51LPLBc9iAL.jpg|https://images-na.ssl-images-amazon.com/images/I/51SJSoMxaJL.jpg|https://images-na.ssl-images-amazon.com/images/I/51s9Sxx5liL.jpg
P10,"Handcraft Little Boys' Despicable Me Brief (Pack of 5)","Clothing Gold",Clothing,13.74,"100% Combed Cotton | Imported | Machine Wash | 0.7"" high | 14"" wide | ASSORTED PRINTS ‚Äì Five vibrant and fun Minion prints | MADE FOR COMFORT ‚Äì Soft and stretchy elastic leg openings and tagless design ensure comfort and fit | GREAT FOR POTTY TRAINING ‚Äì Encourage potty training with your child's favorite Despicable Me characters | 100% COTTON ‚Äì Made from combed cotton, boys briefs provide breathable, easy to wash fabric | UNDERWEAR THEY'LL WANT TO WEAR ‚Äì With fun and exciting prints, your child will look forward to choosing their favorite pair",https://images-na.ssl-images-amazon.com/images/I/51YHNwDUI9L.jpg|https://images-na.ssl-images-amazon.com/images/I/51Q2aN9M28L.jpg|https://images-na.ssl-images-amazon.com/images/I/71SYtZ5majL.jpg
P11,"Stephen Joseph Mini Sidekick Backpack","BestPrice Clothing",Clothing,22.45,"100% Polyester | Imported | Hand Wash | 1.4"" high | 2.1"" wide | Durable backpack with 3D details | Cushioned adjustable straps | Side storage and mesh drink pocket | 9.75 x 11 (25 cm x 28 cm) | Perfect for adventurous toddlers",https://images-na.ssl-images-amazon.com/images/I/41YNwNfM0iL.jpg|https://images-na.ssl-images-amazon.com/images/I/51x5mQsAN2L.jpg|https://images-na.ssl-images-amazon.com/images/I/51ag-SjgisL.jpg|https://images-na.ssl-images-amazon.com/images/I/41hfFzBR0tL.jpg|https://images-na.ssl-images-amazon.com/images/I/51p49oFQWCL.jpg
P12,"Rockland Luggage 17 Inch Rolling Backpack, Bandana, Medium","Evolution Clothes",Clothing,28.00,"Make sure this fits by entering your model number. | Double wheels | Front pocket with organizer | Side mesh pockets | Shoulder strap",https://images-na.ssl-images-amazon.com/images/I/51CbqK4WMjL.jpg
P13,"lunch bag Bag001 Reusable Zip Closure Handbag, Back Pocket Insulated Cooler Ouo Lunch Box Tote Bag, 5.5L, Navy Blue and Gray",JUSK,Home,12.99,"Make sure this fits by entering your model number. | Made with the best material | Lightweight & perfect thermal insulated | It also comes with a back pocket for putting your phone, utensils, keys, napkins, cards, small change and other small stuffs | Lunch bag is ideal for your work, school, travel picnic, etc. | It makes you enjoy delicious taste no matter in having a rest or during travel with your families",https://images-na.ssl-images-amazon.com/images/I/51NWojapNsL.jpg
P14,"Dakine Essentials Mini 7L Backpack","BestPrice Clothing",Clothing,34.95,"Imported | Organizer pocket | Interior zippered mesh pocket | Backpanel security pocket | Dimensions: 12 x 8 x 1"" | Dakine offers a Limited Lifetime against manufacturing defects within the normal scope of use",https://images-na.ssl-images-amazon.com/images/I/51cR9jEv5zL.jpg|https://images-na.ssl-images-amazon.com/images/I/51Oo699HodL.jpg
P15,"amscan Blonde Envy Wig","Cellar Charm",Beauty,23.11,"Make sure this fits by entering your model number. | 1 wig | Fits most teens and adults | Features a fashionable side part and glorious wavy Blonde hair that extends past the chest | Perfect for everyday wear, Halloween parties, costume parties, themed parties, cosplaying, or any special event",https://images-na.ssl-images-amazon.com/images/I/51TzRHoeDCL.jpg
P16,"Aquarella Kids Backpack, Ice Cream","Evolution Clothes",Clothing,10.59,"Synthetic | Made in USA and Imported | Measures 12""x5""x15"" | It's the perfect back to school item | Durable and reliable | Great piece to help organize your kids",https://images-na.ssl-images-amazon.com/images/I/319mFjo0ibL.jpg
P17,"Rubie's Costume Co - Batman Child Gauntlets","BestPrice Clothing",Clothing,16.25,"Vinyl | 0.4"" high | 4.5"" wide | 1 pair of Batman gloves with attached gauntlets | One size fits most children, flexible fabric glove and faux leather gauntlet for authentic crime fighter look | Made of sturdy black latex | Batman Dark Knight Rises is officially licensed by DC Comics and Warner Brothers | Rubie's Costume is your family-owned source for costumes and accessories you need for every occasion",https://images-na.ssl-images-amazon.com/images/I/41S6CNxhmbL.jpg|https://images-na.ssl-images-amazon.com/images/I/61Q0oBPZCRL.jpg|https://images-na.ssl-images-amazon.com/images/I/412ZuSxWGiL.jpg|https://images-na.ssl-images-amazon.com/images/I/61Q0oBPZCRL.jpg
P18,"Rubie's Costume Complete Clown Makeup Kit",Beautx,Beauty,7.92,"100% synthetic | Made in the USA or Imported | Hand Wash | 8 color makeup palette, white cream base, hair color, stick-on jewels, sponges and applicators | Water washable makeup | Enough for the whole family | Look to rubies for all your character accessory needs | Rubies costume company is a family owned business based in new york with more than 60 years of experience bringing children and adults the costumes and accessories they want to halloween and year-round dress up",https://images-na.ssl-images-amazon.com/images/I/51ybuqqhD5L.jpg
P19,"Sun-Staches Costume Sunglasses Emoji Lil' Characters Rainbow Poop Party Favors UV400","Clothing Gold",Clothing,5.99,"Make sure this fits by entering your model number. | All Sun-Staches Sunglasses provide 100% UV400 protection and impact resistant lenses because we care! | Instant party starter and very comfortable to wear | Fun for kids, one size fits most | As seen on the popular show, Shark Tank | Perfect for a themed party or costume embellishment",https://images-na.ssl-images-amazon.com/images/I/51mtR6XCn0L.jpg|https://images-na.ssl-images-amazon.com/images/I/61WercWlx-L.jpg|https://images-na.ssl-images-amazon.com/images/I/51xSqBlxJwL.jpg|https://images-na.ssl-images-amazon.com/images/I/51toHVAEE%2BL.jpg|https://images-na.ssl-images-amazon.com/images/I/51EolpdzngL.jpg
P20,"J World New York Oz Backpack.","Lifecycle Fashion",Clothing,40.00,"100% Polyester | Imported | 500D HP | fabric lining | Zipper closure | 17"" shoulder drop | 17"" high | 13.5"" wide | PEFECT SIZE FOR SCHOOL: Dimension of 17 x 13 x 6.5‚Äù inches Backpack and Can hold up 16-inch Laptop in laptop sleeve | SUPERIOR QUALITY: DURABLE 600D POLYESTER WATER RESISTANT School Backpack | LARGE CAPACITY: SPACIOUS Main Compartment, Front pocket and 2 Side Pockets for Water Bottle | SUPER COMFORT: ERGONOMIC S-shaped Shoulder Straps & PADDED Back and Shoulder Cushion | FULLY LINED INTERIOR",https://images-na.ssl-images-amazon.com/images/I/5146qHw6lmL.jpg|https://images-na.ssl-images-amazon.com/images/I/41llNFdtP1L.jpg|https://images-na.ssl-images-amazon.com/images/I/51mnwIpXe0L.jpg|https://images-na.ssl-images-amazon.com/images/I/51WNKb7quZL.jpg|https://images-na.ssl-images-amazon.com/images/I/512BokS8kuL.jpg|https://images-na.ssl-images-amazon.com/images/I/51EevFnUTKL.jpg|https://images-na.ssl-images-amazon.com/images/I/519l-3W3ZgL.jpg
P21,"JanSport Lunch Break",Homegenics,Home,24.35,"Make sure this fits by entering your model number. | 100% Polyester | Imported | Pockets: 1 exterior",https://images-na.ssl-images-amazon.com/images/I/41i7duScngL.jpg|https://images-na.ssl-images-amazon.com/images/I/41H-z09pyWL.jpg|https://images-na.ssl-images-amazon.com/images/I/31eV-LfcEVL.jpg|https://images-na.ssl-images-amazon.com/images/I/41Omj9NZIBL.jpg|https://images-na.ssl-images-amazon.com/images/I/31b11B0OqlL.jpg
P22,"PUMA Evercat The All Star Carrysack","Evolution Clothes",Clothing,17.23,"Make sure this fits by entering your model number. | 100% Polyester | Imported | Draw cord closure | Air mesh padding at back panel and straps | External zip pocket",https://images-na.ssl-images-amazon.com/images/I/413d-m4vQjL.jpg|https://images-na.ssl-images-amazon.com/images/I/41A3tXRv6HL.jpg|https://images-na.ssl-images-amazon.com/images/I/418P1pAJPFL.jpg|https://images-na.ssl-images-amazon.com/images/I/318cdzm7Z5L.jpg
P23,"Vera Bradley Women's Lighten Up Cooler Lunch Bag",Homegenics,Home,38.00,"Polyester | Imported | Zipper closure | PERFECTLY SIZED: The Lighten Up Lunch Cooler measures 7.5 inches high, 9 inches wide, and 6 inch diameter with a 3 inch handle drop | QUILTED INSULATION: Get an upgrade with the insulated PEVA lined interior, allowing your food to keep a steady temperature until it‚Äôs time to eat | CHIC & ON-THE-GO: From picnics in the park to a day at the beach, this cooler keeps your food and drinks stashed away and cool throughout the day | STYLE AS BOLD AS YOU: This modern update to the classic cooler is crafted with our lightweight, durable, water-repellent Lighten Up fabric ‚Äì perfect for the chic business woman, the stylish student, the bold trendsetter, or the jet setting diva | A GIFT FOR HER: Celebrate that special someone in your life ‚Äì the ideal gift for the chic and sophisticated woman who deserves nothing but the best and brightest. | Department Name: womens | Material Composition: Contains 0 Natural Wool Fiber",https://images-na.ssl-images-amazon.com/images/I/51WJIY0V0DL.jpg|https://images-na.ssl-images-amazon.com/images/I/51F8SBmkGGL.jpg|https://images-na.ssl-images-amazon.com/images/I/411CdsHkQvL.jpg|https://images-na.ssl-images-amazon.com/images/I/51gWfb2QFKL.jpg|https://images-na.ssl-images-amazon.com/images/I/41Qm9jN1aaL.jpg|https://images-na.ssl-images-amazon.com/images/I/31nm9ReJbUL.jpg
P24,"Herschel Survey Kids","Evolution Clothes",Clothing,24.95,"Polyethylene Foam | Imported | Polyester lining | 11"" high | 10"" wide | Pockets: 1 exterior | One exterior pocket",https://images-na.ssl-images-amazon.com/images/I/31nw%2ByFXgeL.jpg|https://images-na.ssl-images-amazon.com/images/I/31DZRto3NzL.jpg|https://images-na.ssl-images-amazon.com/images/I/41CDuP51muL.jpg|https://images-na.ssl-images-amazon.com/images/I/31r-EgD1V-L.jpg|https://images-na.ssl-images-amazon.com/images/I/61IdlPaZdNL.jpg|https://images-na.ssl-images-amazon.com/images/I/61iflDTMtXL.jpg|https://images-na.ssl-images-amazon.com/images/I/51HQ1MFtPEL.jpg
P25,"Whitmor Frog Collapsible Cube",Homy,Home,9.28,"Make sure this fits by entering your model number. | Assemble in seconds | Polypropylene non-woven fabric-covered body with clear vinyl window | Clear mouth with magnetic closure for easy access | Dimensions: 10 x 10 x 10 inches | Collapsible and easy to store, the bottom of cube pulls upward and walls fold on top of each other into a very thin, flat profile for easy storage | Sturdy reinforced thick cardboard walls for long-lasting storage | Perfect for organization of toys, books, sports equipment, linens, clothing, etc. | For over 70 years, Whitmor has been bringing organization home. If you have questions or problems, please contact us for immediate assistance",https://images-na.ssl-images-amazon.com/images/I/41UdecKAfOL.jpg|https://images-na.ssl-images-amazon.com/images/I/41dTK-jDjZL.jpg|https://images-na.ssl-images-amazon.com/images/I/51Dy6oboPsL.jpg|https://images-na.ssl-images-amazon.com/images/I/01akNUttFZS.jpg
P26,"BSN Sports Corner Flag Carry Bag",Lening,Sports,9.86,"Make sure this fits by entering your model number. | Carries corner flags or coaching sticks | Offered in Black Only | A must have for any soccer coach or league",https://images-na.ssl-images-amazon.com/images/I/41wcemdk21L.jpg
P27,"Suck UK TV Lunch Box I Food Storage Containers I Kitchen Organization & Storage I Lunch Boxes For Kids I Toy Storage I Bento Box I ‚Äì Beach Holiday, Blue, One Size",JUSK,Home,18.48,"Make sure this fits by entering your model number. | Portable metal lunch bag & storage box in the style of a cool retro TV set | Tin box with Super Lenticular Technology Screen featuring an animated cat & mouse duo - cool bento box or kids storage toy box | Perfect storage bins or pencil case - store toys / pencils & your lunch - great as kitchen storage or kitchen d√©cor | Available in 3 colors & designs - Orange / White / Blue - suitable as both adult lunch box and kids lunch box | Measures 205mm (W) x 195mm (H) x 100mm (D) - food containers to fit a good sized packed lunch",https://images-na.ssl-images-amazon.com/images/I/51fXze7i0eL.jpg|https://images-na.ssl-images-amazon.com/images/I/41255krsr1L.jpg|https://images-na.ssl-images-amazon.com/images/I/41WKFbjCPiL.jpg|https://images-na.ssl-images-amazon.com/images/I/41Ho-8UUNEL.jpg|https://images-na.ssl-images-amazon.com/images/I/41EULQJ9LxL.jpg|https://images-na.ssl-images-amazon.com/images/I/414zsqVUhyL.jpg|https://images-na.ssl-images-amazon.com/images/I/51KTbI5DgQL.jpg
P28,"Wildkin 33417 Olive Kids Fairy Princess Lunch Box",Homegenics,Home,13.41,"Make sure this fits by entering your model number. | SPACIOUS DESIGN ‚Äì Measures 9.75 x 7.5 x 3.25 inches. | You‚Äôll find it super spacious and will have no problem fitting your lunch inside. | Best of all, our lunch box is compatible with the Bentgo Kids bento box and the Yumbox Original, Panino, Tapas, and MiniSnack bento boxes. | So go ahead, pack that extra treat! | Manufacturer recommended age: 3-15 years",https://images-na.ssl-images-amazon.com/images/I/51lK6kzOwTL.jpg|https://images-na.ssl-images-amazon.com/images/I/413IRLI7KhL.jpg|https://images-na.ssl-images-amazon.com/images/I/41v1hG-pHWL.jpg|https://images-na.ssl-images-amazon.com/images/I/41HRgif6yuL.jpg|https://images-na.ssl-images-amazon.com/images/I/41IBg5ChI7L.jpg|https://images-na.ssl-images-amazon.com/images/I/41cu5ABW72L.jpg
P29,"Stephen Joseph All Over Print Lunch Box, Owl",Homegenics,Home,14.00,"Make sure this fits by entering your model number. | FUN & FUNCTIONAL: Colorful, exciting patterns make this lunchbox super stylish. Your child is sure to find something they love with the variety of designs offered. Don't forget to make it a set with other coordinating Stephen Joseph products or customize it to make it your own! | SPECIAL FEATURES: Fully lined and insulated, our bags are perfect to keep food tasty and fresh. An exterior mesh pocket keeps drinks secure so sandwiches stay smush-free, and the front zipper pocket is perfect for lunch notes from Mom. | SPACIOUS DESIGN: Measuring 9""x 10.5""x 4"", you'll find that there's plenty of room to pack a delicious meal without worrying about running out of room. | HIGH QUALITY: With a sturdy construction and durable polyester exterior, you can be assured this bag is made to last. The rugged top-carry handle is strong enough to withstand through plenty of wear and tear so you don't have to worry about it. Easy to wipe clean and the perfect size for kids, we can promise you will love this lunchbox!",https://images-na.ssl-images-amazon.com/images/I/51M5QEjSkAL.jpg|https://images-na.ssl-images-amazon.com/images/I/61Z25x1VmjL.jpg|https://images-na.ssl-images-amazon.com/images/I/41ijs6XwURL.jpg|https://images-na.ssl-images-amazon.com/images/I/41%2BXZ0Yph8L.jpg
P30,"Funko Advent Calendar: Marvel 80th Anniversary, 24Pc",Homegenics,Home,28.98,"Make sure this fits by entering your model number. | Countdown the holidays with this Marvel Advent calendar from Funko! | This calendar contains pocket pop's of all of your favorite Marvel characters. | Collect all Marvel product from Funko!",https://images-na.ssl-images-amazon.com/images/I/51AcCda88cL.jpg|https://images-na.ssl-images-amazon.com/images/I/51nKkuX0cGL.jpg|https://images-na.ssl-images-amazon.com/images/I/51dwg-P85IL.jpg|https://images-na.ssl-images-amazon.com/images/I/1104aqt1xgL.jpg
P31,"Marvel Avengers Assemble Captain America Costume T-Shirt with Mask, Small","BestPrice Clothing",Clothing,10.36,"Make sure this fits by entering your model number. | 100% Cotton | Marvel Avengers Assemble Captain America Costume T-Shirt with Mask, Small | Printed shirt and molded half-mask | Officially licensed Marvel Universe merchandise inspired by the Disney XD cartoon Avengers Assemble",https://images-na.ssl-images-amazon.com/images/I/41V2T9EMMJL.jpg|https://images-na.ssl-images-amazon.com/images/I/415SzB9YT3L.jpg|https://images-na.ssl-images-amazon.com/images/I/51I1fFrEGlL.jpg|https://images-na.ssl-images-amazon.com/images/I/41FRydmHcrL.jpg
P32,"Lunchskins LS2-SEAGRASS-NAV Reusable Snack Food Bag, Navy Seagrass",Homegenics,Home,10.99,"Make sure this fits by entering your model number. | STYLISH + PLANET FRIENDLY. Save the planet with LunchSkins dishwasher-safe, resealable snack bags and reusable sandwich lunch bags. | EASY TO USE reusable storage bags with easy to open + close velcro in stylish patterns for the whole family to enjoy. The dishwasher-safe, grease-proof, moisture-proof lining helps keeps food fresh. | DURABLE FOOD SAFE lunch sandwich bags designed by a mom and lifetime environmentalist on a mission to replace single-use plastic with smart, sustainable solutions that are easy to use and accessible to everyone. Lunchskins are an affordable BPA-Free, PVC-free & Phthalate-free alternative to single-use plastic baggies. | REUSABLE BAGS that hold everything from sandwiches to crackers to your phone, keys, makeup, toiletries, pet treats, and more. These personalizable storage bags will be your favorite on-the-go reusable bags for years to come. | FEEL GOOD using these environmentally friendly reusable cloth sandwich + snack bags. LIVE PLASTIC BAG FREE.",https://images-na.ssl-images-amazon.com/images/I/41O6lA7n6IL.jpg|https://images-na.ssl-images-amazon.com/images/I/41PGxWBFq9L.jpg|https://images-na.ssl-images-amazon.com/images/I/41sIMyZUKsL.jpg|https://images-na.ssl-images-amazon.com/images/I/51kK9030OnL.jpg|https://images-na.ssl-images-amazon.com/images/I/51YyKZiU1vL.jpg|https://images-na.ssl-images-amazon.com/images/I/51ZS-CClrlL.jpg|https://images-na.ssl-images-amazon.com/images/I/717ahUTdExL.jpg
P33,"Skechers Kids Skechers Twinkle Toes Glimmer Backpack Accessory","Lifecycle Fashion",Clothing,12.16,"100% polyester | Imported | 100% polyester lining | Zipper closure | 14"" shoulder drop | Hand Wash | 15"" high | 11.25"" wide | pockets: 2 slip, 1 zip, 3 exterior",https://images-na.ssl-images-amazon.com/images/I/61z%2BISdFNeL.jpg|https://images-na.ssl-images-amazon.com/images/I/51TquYip3uL.jpg|https://images-na.ssl-images-amazon.com/images/I/41SSr3UZLIL.jpg|https://images-na.ssl-images-amazon.com/images/I/51khTNd0mUL.jpg
P34,"Lunchskins LS4-TOTE-STRIPE-NAV Reusable Tote, Navy Blue Stripe",Homeable,Home,10.99,"Make sure this fits by entering your model number. | Replaces¬†500¬†plastic bags in its lifetime | Dishwasher-safe and complies with FDA standards for food safety | Toxin free | Convenient fold over flap with Hook and Loop closure | Quick-drying, lightweight fabric | Measures 7.25 x 8.25 x 6 inches | Freezer safe",https://images-na.ssl-images-amazon.com/images/I/51J0WBvogQL.jpg|https://images-na.ssl-images-amazon.com/images/I/41JxZ-%2BRLVL.jpg|https://images-na.ssl-images-amazon.com/images/I/51jCiaUlGJL.jpg|https://images-na.ssl-images-amazon.com/images/I/41aVkTFQ%2BoL.jpg
P35,"Lunchskins Reusable 2 Piece Zippered Food Storage Bag Set, 1 Sandwich Bag + 1 Snack Bag, Charcoal Circles",Homegenics,Home,10.99,"Make sure this fits by entering your model number. | üåø STYLISH + PLANET FRIENDLY dishwasher-safe, resealable, snack bags and reusable sandwich lunch bags. Set includes 1 Large and 1 Small reusable food bag. | üåø EASY TO USE reusable storage bags are easy to open + close zippered bags, and come in stylish patterns for the whole family to enjoy. The dishwasher-safe, grease-proof, moisture-proof, lining helps keeps food fresh. | üåø DURABLE FOOD-SAFE lunch sandwich bags designed by a mom and lifetime environmentalist on a mission to replace single-use plastic with sustainable solutions that are easy to use and accessible to everyone. Lunchskins are an affordable BPA-Free, PVC-free & Phthalate-free alternative to single-use plastic baggies. | üåø REUSABLE BAGS that hold everything from sandwiches to crackers to your phone, keys, makeup, toiletries, pet treats, and more. These storage bags will be your favorite on-the-go reusable bags for years to come. | üåø FEEL GOOD using these reusable cloth sandwich + snack bags. A LIFE LESS PLASTIC. üôå",https://images-na.ssl-images-amazon.com/images/I/61YHhAncrOL.jpg|https://images-na.ssl-images-amazon.com/images/I/51CQ5NUjlUL.jpg|https://images-na.ssl-images-amazon.com/images/I/61EQxqLxvtL.jpg|https://images-na.ssl-images-amazon.com/images/I/51ZP7fFPZbL.jpg|https://images-na.ssl-images-amazon.com/images/I/61a58U8KQRL.jpg
P36,"Paw Patrol Little Boys' Toddler Short Sleeve T-Shirt, Heather Grey, 2T","Evolution Clothes",Clothing,8.22,"100% Cotton | Made in the USA and Imported | Machine Wash | Short-sleeve tee featuring large Paw Patrol ""Ruff and Tough"" screenprint on front",https://images-na.ssl-images-amazon.com/images/I/51s1c8u793L.jpg
P37,"J World New York Sunny Rolling Backpack for School & Travel, 17 inch","Clothing Gold",Clothing,49.99,"100% Polyester | Imported | Zipper closure | PEFECT SIZE FOR SCHOOL: Dimension of 17 x 12 x 8.5 inches Rolling Backpack | SUPER COMFORT Air Mesh Cushion padded shoulder straps with SLIP-IN system for convenience | SAFETY AT NIGHT: REFLECTIVE TAPE for Increased Night Visibility | SUPERIOR QUALITY: DURABLE 600D POLYSTER WATER RESISTANT Bag with RUST-FREE 3 stage aluminum locking handle with COMFORT Padded carry handle | LARGE CAPACITY: Main Compartment, 2 Side Mesh Pockets & Front pocket organizer with Pencil holder, Key Fob, and Zipper pocket.",https://images-na.ssl-images-amazon.com/images/I/51JWPgKhnLL.jpg|https://images-na.ssl-images-amazon.com/images/I/41llNFdtP1L.jpg|https://images-na.ssl-images-amazon.com/images/I/51XX68P2P9L.jpg|https://images-na.ssl-images-amazon.com/images/I/517krchU3rL.jpg|https://images-na.ssl-images-amazon.com/images/I/51I59K%2BI3JL.jpg|https://images-na.ssl-images-amazon.com/images/I/51GUZO82OwL.jpg|https://images-na.ssl-images-amazon.com/images/I/61YjIo2ikQL.jpg
P38,"Little JJ Cole Backpack for Kids, Robot","BestPrice Clothing",Clothing,19.99,"Exterior: 100% Polyester / Interior: 100% Polyester Filling: 100% Polyethylene Foam Pad | Imported | STYLISH AND SPACIOUS BACKPACK: This multi-purpose spacious backpack comes with a matching folder | EASY ACCESS BAG WITH MULTIPLE POCKETS: The little JJ Cole backpack contains two exterior side pockets and a small zippered front pocket; A reflective patch is included for added safety | ADJUSTABLE STRAPS: Comes with no-slip grips; The padded straps are adjustable so the backpack grows with your child | SUITABLE FOR: Ages 3 years and up",https://images-na.ssl-images-amazon.com/images/I/51nteIghEjL.jpg|https://images-na.ssl-images-amazon.com/images/I/51kFhiFCpoL.jpg|https://images-na.ssl-images-amazon.com/images/I/41pGfBZ7EuL.jpg|https://images-na.ssl-images-amazon.com/images/I/51zbJCcD2LL.jpg|https://images-na.ssl-images-amazon.com/images/I/51zbJCcD2LL.jpg|https://images-na.ssl-images-amazon.com/images/I/51mJnegfCJL.jpg|https://images-na.ssl-images-amazon.com/images/I/616pYM-TltL.jpg
P39,"A&R Sports Floor Puck",Lening,Sports,5.56,"Make sure this fits by entering your model number. | Great for indoor floor hockey practice, also street hockey | Stick handle on a smooth surface, for best results | Strong Shots and Slick Passes Without the Pain | From A&R Sports, the leading brand in sports accessories for over 20 years | Great for indoor floor hockey practice, also street hockey | Stick handle on a smooth surface, for best results | Strong Shots and Slick Passes Without the Pain",https://images-na.ssl-images-amazon.com/images/I/41VvMG86M5L.jpg
P40,"LEGO Ninjago Movie Lunchbox, Sand Green",Homegenics,Home,6.00,"Make sure this fits by entering your model number. | Complies With All Relevant Food Safety Regulations | Pair With Legos Ninja Go Drinking Bottle | Hand Wash Recommended | From The Brand Name : Lego | Color : Sand Green",https://images-na.ssl-images-amazon.com/images/I/51tOArIoE-L.jpg|https://images-na.ssl-images-amazon.com/images/I/41WGqTA4xhL.jpg
P41,"PUMA Girls' Big Evercat Meridian Backpack","Evolution Clothes",Clothing,28.65,"100% Polyester | Imported | Zipper closure | Hand Wash | Strap Drop: 888394354004 inches; Pockets: 3 zip, 1 exterior",https://images-na.ssl-images-amazon.com/images/I/41aoWwq6RYL.jpg|https://images-na.ssl-images-amazon.com/images/I/41rXD-CmBcL.jpg|https://images-na.ssl-images-amazon.com/images/I/41HeCuqEbZL.jpg
P42,"Aquarius NASA Logo Tin Fun Box",Homegenics,Home,14.99,"Make sure this fits by entering your model number. | Measures 8.65 x 6.75 x 4 | Embossed front cover | Beefy handle | Officially licensed | Made of tin",https://images-na.ssl-images-amazon.com/images/I/51NgIWHbFzL.jpg
P43,"BlueDot Trading Youth Sports Pinnie Scrimmage Training Vest",Lening,Sports,17.65,"Make sure this fits by entering your model number. | SIZE: Youth ~ Approximately 17 inches wide by 22 inches long (measured from the back of neck to bottom of vest) | LIGHTWEIGHT: These vests are made of a very light weight, mesh material | EASY WEAR: Very easy to put on and take off | DURABLE FABRIC: Very durable fabric that does not tear, great for seasonal sports! | We carry both YOUTH and ADULT in Red, Orange, Yellow, Green, Blue, Light Blue, Grey, Black, Pink and Purple.",https://images-na.ssl-images-amazon.com/images/I/516%2B7JSkL1L.jpg|https://images-na.ssl-images-amazon.com/images/I/51VTAn8TOlL.jpg
P44,"Quiksilver Little Chompine Boys Backpack","BestPrice Clothing",Clothing,26.14,"100% Polyester | Imported | 100% Polyester lining | 14"" shoulder drop | Hand Wash | 12.5"" high | 9"" wide | Pockets: 4 slip",https://images-na.ssl-images-amazon.com/images/I/51BqxQbDpHL.jpg|https://images-na.ssl-images-amazon.com/images/I/41-T2Ct6NxL.jpg|https://images-na.ssl-images-amazon.com/images/I/61047vAc3LL.jpg|https://images-na.ssl-images-amazon.com/images/I/61IDu%2BfZ2RL.jpg|https://images-na.ssl-images-amazon.com/images/I/61J6IhfjqrL.jpg
P45,"DII 100% Cotton 6x14x4 Wine Halloween Holiday Set/2-All, Hallows Eve Bags",Homegenics,Home,10.02,"Make sure this fits by entering your model number. | 100% Cotton | Imported | DURABLE, REUSABLE AND PORTABLE: Drawstring bags each measures 6""x14""x4"", draw sting design is easy to pack gifts, kids candy and carry with you | EASY CARE LONG-LASTING MATERIAL: 100% Cotton Fabric, Machine Washable. Wash with Cold Water in Gentle Cycle & Tumble Dry Low. Do not bleach them or run them through a hot dryer | FESTIVAL ACCENTS: Halloween design makes this wine bag so special and unique to pack wine, kid's halloween candy or other gifts for your love friends and family | HOME KITCHEN ORGANIZER: This bag is not only for holiday but also great home kitchen organizer to storage kitchen spatulas or small kitchen tools | MORE DII GIFT BAG OPTIONS - DII offers delightful Kitchen Linens including dishtowels, dish cloths, aprons, potholders and oven mitts, but for more options search: DII Gift BAG or click the DII link at the top of the page to explore our other collection. | 100% Cotton",https://images-na.ssl-images-amazon.com/images/I/51E2o2SzXCL.jpg|https://images-na.ssl-images-amazon.com/images/I/518ssCF2-UL.jpg|https://images-na.ssl-images-amazon.com/images/I/41NXGmeXuvL.jpg|https://images-na.ssl-images-amazon.com/images/I/51WHlBJ3RaL.jpg|https://images-na.ssl-images-amazon.com/images/I/51%2BcCkbsAKL.jpg|https://images-na.ssl-images-amazon.com/images/I/51HKtaoLRaL.jpg|https://images-na.ssl-images-amazon.com/images/I/71io4R8BnRL.jpg
P46,"Schleich North America Dinosaurs Advent Calendar 2019",JUSK,Home,19.99,"Make sure this fits by entering your model number. | The new dinosaurs Advent calendar Hides great surprises behind 24 doors! | The Schleich figures stand for educational play. | This Advent calendar includes cool dinosaurs and lots of accessories! | Realistically detailed for the ultimate play and educational experience | Create your own landscape for your new dinosaurs or add to one of your Schleich playsets",https://images-na.ssl-images-amazon.com/images/I/510QEyRdzLL.jpg|https://images-na.ssl-images-amazon.com/images/I/41vfX62sY3L.jpg|https://images-na.ssl-images-amazon.com/images/I/512RHToOpmL.jpg|https://images-na.ssl-images-amazon.com/images/I/51Lpg0dA2IL.jpg|https://images-na.ssl-images-amazon.com/images/I/51uHd6GsExL.jpg
P47,"Glow Wild Chomposaurus Children's T-Shirt Glow in The Dark Cotton Tee","Evolution Clothes",Clothing,26.98,"100% Cotton | Imported | Unisex glow-in-the-dark dinosaur long-sleeved tee shirt | Bright colored backgrounds; Dinosaurs feature brilliant brushwork and beautiful screen printing | Cross your arms in front to see (not hear) them ""roar""; Teeth glow in the dark | Comfy, pre-shrunk 100% cotton | For best results, wash in cold water. Do not use bleach; dry on low heat",https://images-na.ssl-images-amazon.com/images/I/51jKh%2BFsI7L.jpg|https://images-na.ssl-images-amazon.com/images/I/51jDw6uE7gL.jpg|https://images-na.ssl-images-amazon.com/images/I/61RKpUpAwtL.jpg|https://images-na.ssl-images-amazon.com/images/I/61tW5DnuMFL.jpg
P48,"Sunstaches Marvel Avengers Hulk Character Sunglasses, Party Favors, UV400","Clothing Gold",Clothing,8.98,"Make sure this fits by entering your model number. | Featuring hundreds of fun and wacky eyewear designs | As seen on the popular show, Shark Tank | 100% UV400 protection and impact resistant lenses | Great for kids and adults, one size fits most | Officially licensed products",https://images-na.ssl-images-amazon.com/images/I/41M78KUl%2B2L.jpg|https://images-na.ssl-images-amazon.com/images/I/51-uwAE55HL.jpg|https://images-na.ssl-images-amazon.com/images/I/51wNNq5HVqL.jpg|https://images-na.ssl-images-amazon.com/images/I/51y4FxMCYPL.jpg|https://images-na.ssl-images-amazon.com/images/I/51AO7FTz3%2BL.jpg|https://images-na.ssl-images-amazon.com/images/I/51wNNq5HVqL.jpg|https://images-na.ssl-images-amazon.com/images/I/51AbCBrH-GL.jpg
P49,"Thermos Dual Compartment Lunch Kit, Elena Of Avalor",Homegenics,Home,20.23,"Make sure this fits by entering your model number. | Reduce waste and save money by packing your child's lunch in a reusable Thermos brand lunch kit | 100% PVC free with PEVA linings; superior quality closed cell polyethylene foam insulation | Detailed screen printed graphics | Two separate compartments for easy storage and crushproof lunches | Comfortable, padded carrying handle",https://images-na.ssl-images-amazon.com/images/I/51WelcqAGEL.jpg|https://images-na.ssl-images-amazon.com/images/I/41OVcpL67YL.jpg|https://images-na.ssl-images-amazon.com/images/I/41cJpOTonqL.jpg|https://images-na.ssl-images-amazon.com/images/I/51VZDtsgbJL.jpg
P50,"Roces 550030 Model Chuck Roller Skate,Black/White,9USW,7USM,40EU,6UK",Lening,Sports,78.14,"Make sure this fits by entering your model number. | Anatomical foot bed | Flat laces closure | PVC 54x32mm/85a wheels | Rubber sole",https://images-na.ssl-images-amazon.com/images/I/51SMdvU7x0L.jpg
P51,"Forum Novelties Patriotic Party Uncle Sam Costume, Child Large","Evolution Clothes",Clothing,14.02,"Make sure this fits by entering your model number. | 100% Polyester | Imported | Child's Uncle Sam Costume complete with hat, jacket with attached fake-shirt-front, pants, and bow tie | IMPORTANT: Please check Forum Child's size chart image and reviews before selecting size; costumes are not the same as clothing sizes and vary by design; do not choose based on child's age | Wear it for Independence Day, Halloween, patriotic parades, book reports, and school plays | Forum offers patriotic inspired costumes, including Uncle Sam and Lady Liberty, in sizes for children and adults | Exclusively from Forum Novelties, a leader in costumes and novelty products for decades",https://images-na.ssl-images-amazon.com/images/I/412tYhH7H7L.jpg|https://images-na.ssl-images-amazon.com/images/I/41jjP7m50kL.jpg|https://images-na.ssl-images-amazon.com/images/I/51fUN4SzEkL.jpg
P52,"A&R Stryker Waxed Hockey Skate Laces",Lening,Sports,1.81,"Synthetic | 100% Authentic | Brand New | Durable | Original Packaging",https://images-na.ssl-images-amazon.com/images/I/412BRmVY77L.jpg
P53,"Herschel Supply Co. Survey Kids Kid's Backpack","Evolution Clothes",Clothing,45.25,"Imported | fabric lining | Up to 4 years old | Signature striped fabric liner | Hidden zippered storage sleeve | Woven interior name label | 1.5x10x10.5",https://images-na.ssl-images-amazon.com/images/I/41jDDCWDesL.jpg
P54,"Sun-Staches Costume Sunglasses Rugrats Tommy Party Favors UV400","Clothing Gold",Clothing,10.10,"Make sure this fits by entering your model number. | All Sun-Staches Sunglasses provide 100% UV400 protection and impact resistant lenses because we care! | Instant party starter and very comfortable to wear | Great for kids and adults, one size fits most | As seen on the popular show, Shark Tank | Officially licensed product",https://images-na.ssl-images-amazon.com/images/I/41TaGy73i-L.jpg|https://images-na.ssl-images-amazon.com/images/I/51OCoR8%2BA-L.jpg|https://images-na.ssl-images-amazon.com/images/I/51Or9eq2yoL.jpg|https://images-na.ssl-images-amazon.com/images/I/51rQvIi%2B3rL.jpg
P55,"Champion Girls' Big Supercize Backpack, Pink/White, Youth Size","BestPrice Clothing",Clothing,30.24,"100% Polyester | Imported | 100% Polyester lining | 16.5"" shoulder drop | Hand Wash | 18"" high | 11.5"" wide | Pockets: 1 slip, 2 exterior",https://images-na.ssl-images-amazon.com/images/I/31qKcP74EQL.jpg|https://images-na.ssl-images-amazon.com/images/I/410KnKCCILL.jpg|https://images-na.ssl-images-amazon.com/images/I/41YSPexdkJL.jpg|https://images-na.ssl-images-amazon.com/images/I/318Rn0PlnQL.jpg
P56,"Vendees Atomic Rainbow Lip Balm by Horizon Group USA, Mix & Create Your Own Shimmery, Flavorful, Layered Lip Balm. Use Your Surprise DIY Dispenser to Revel Surprises & More. Multicolored","Cellar Charm",Beauty,18.72,"Make sure this fits by entering your model number. | Completely interactive: your Vendees box is filled with fun surprises you can reveal as you pull and unravel each interactive section of your box | Filled with surprises: discover fun surprises that include cool trinkets, fun mini activities and more | Explore your creativity: create colorful and shimmery lip balm all your own that expresses your personal style and creativity | Begin with ease: Use the easy-to-follow instruction sheet to learn how to create eye-catching holographic effects | Kit includes: lip balm wax, Wax chips, measuring cup, spoon plastic, flavor droppers, lip balm tubes, stirrer stick, glitter packets, Vendees surprises, sticker sheet, scratch art coin, easy-to-follow instructions",https://images-na.ssl-images-amazon.com/images/I/51koP7MYpEL.jpg|https://images-na.ssl-images-amazon.com/images/I/61SPpkyPY%2BL.jpg|https://images-na.ssl-images-amazon.com/images/I/51StJ8nSINL.jpg|https://images-na.ssl-images-amazon.com/images/I/61MhpJlYwWL.jpg|https://images-na.ssl-images-amazon.com/images/I/51TR2sxiWTL.jpg|https://images-na.ssl-images-amazon.com/images/I/51nVZy8A9vL.jpg|https://images-na.ssl-images-amazon.com/images/I/51x6jxTtxFL.jpg
P57,"Stephen Joseph Girls' Little Sidekicks Backpack, Owl, Navy","Lifecycle Fashion",Clothing,29.99,"Zipper closure | IMAGINATIVE CHARACTERS: School has never been more fun! Your child is sure to find a design they love from our collection of characters. Don't forget to make it a set with other coordinating Stephen Joseph products or customize it to make it your own! | 3-D PIECES: Our bags make learning fun with 3-D pieces that bring characters to life. These extra cute accents take backpacks to a new level, and your child will love their new friend! | SPECIAL FEATURES: With accessible pockets, fun designs, and even a matching zipper charm, there are plenty of great features on this backpack that are stylish and smart. Cushioned, adjustable straps and a handy hanging loop also make it kid friendly and parent approved! | SPACIOUS DESIGN: Measuring 10.5""x 14""x 3.5"", this backpack has plenty of room, making it ready for any of life's adventures. A large front pocket and extra drink pouch on the side offer plenty of room for all the necessities. | HIGH QUALITY: With a sturdy construction and durable polyester exterior, you can be assured this bag is made to last through plenty of wear and tear. It's even machine washable!",https://images-na.ssl-images-amazon.com/images/I/41f0WbR0yzL.jpg|https://images-na.ssl-images-amazon.com/images/I/41Dsd5E%2BJmL.jpg|https://images-na.ssl-images-amazon.com/images/I/41r0ACTI7gL.jpg|https://images-na.ssl-images-amazon.com/images/I/41V3NKMbiVL.jpg
P58,"J World Combo Rolling Backpack & Lunch Bag Back to School Bundle Set Sunrise / Corey, Pink Buttons","Evolution Clothes",Clothing,53.92,"Make sure this fits by entering your model number. | Bundle contains one Sunrise Rolling Backpack and one Corey Lunch Bag | Lunch Bag measures 9.25"" high and 7"" wide | Backpack measures 9x13x18 | Backpack features front pocket organizer with pencil holder, key fob, and zippered pocket | Lunch Bag features 1 exterior pocket",https://images-na.ssl-images-amazon.com/images/I/51veA0B%2BM%2BL.jpg
P59,"Dickies Student","Lifecycle Fashion",Clothing,19.99,"Polyester | Imported | nylon lining | Zipper closure | 17"" high | 13"" wide | Ergonomic padded shoulder straps | Padded back panel | Side water bottle pocket | Laptop sleeve on select colors | 5.75x13x17",https://images-na.ssl-images-amazon.com/images/I/51ftfhbOXyL.jpg|https://images-na.ssl-images-amazon.com/images/I/41llNFdtP1L.jpg
P60,"Stephen Joseph Quilted Backpack, Elephant","Clothing Gold",Clothing,29.89,"Drawstring closure | FUN & FUNCTIONAL: Colorful, exciting characters and patterns make this bag super stylish. Your child is sure to find something they love with the variety of designs offered. Don't forget to make it a set with other coordinating Stephen Joseph products or customize it to make it your own! | SPECIAL FEATURES: With zipper pockets, unique embroidered and appliqued designs, and the cutest coordinating zipper pull, there are plenty of great features on this backpack that set it apart from your average bag. Adjustable straps and a handy hanging loop also make it kid friendly and parent approved. | SPACIOUS DESIGN: Measuring 12""x 13.5"" this bag offers plenty of room for all the necessities and is a great size for young children! | HIGH QUALITY: With a durable construction and flexible cotton twill material, you can be assured this bag will be your go-to whether you use it as a diaper bag, backpack, or travel bag. It's even machine washable! Fully lined with a magnetic snap and drawstring closure, it will secure and protect all the essentials inside.",https://images-na.ssl-images-amazon.com/images/I/41Xb-zqf47L.jpg|https://images-na.ssl-images-amazon.com/images/I/41NVyGOknyL.jpg|https://images-na.ssl-images-amazon.com/images/I/51qbaaUc27L.jpg|https://images-na.ssl-images-amazon.com/images/I/41CwvqNjXXL.jpg|https://images-na.ssl-images-amazon.com/images/I/512E7een2oL.jpg
P61,"Stephen Joseph Recycled Bag Sets","Clothing Gold",Clothing,9.99,"Zipper closure | IMAGINATIVE DESIGNS: Bright colors & characters make these recycled bags great for all occasions. Your child is sure to find a set they love from our variety of designs. | SPECIAL FEATURES: Made from 80% recycled plastic bottles, these bags are handy & good for the environment. Each bag has a zipper closure top. | GREAT SIZES: Each set of bags has 3 various sizes, including an 8.75‚Äùx 6.5‚Äù carry all, 9‚Äùx 4‚Äù brush bag, & 6‚Äùx3.75‚Äù coin purse for all your needs.",https://images-na.ssl-images-amazon.com/images/I/51oQ5Hr-1mL.jpg|https://images-na.ssl-images-amazon.com/images/I/517eNkUnv7L.jpg|https://images-na.ssl-images-amazon.com/images/I/51et-sGgeIL.jpg|https://images-na.ssl-images-amazon.com/images/I/41Nz1%2B8lvGL.jpg|https://images-na.ssl-images-amazon.com/images/I/51x04JAF3gL.jpg|https://images-na.ssl-images-amazon.com/images/I/515hRg5E4wL.jpg|https://images-na.ssl-images-amazon.com/images/I/51N9iV80ujL.jpg
P62,"Sugar Bombs by Horizon Group USA, Design & Decorate Your Own Emoticon Themed Fizzing Bomb. Fizz In Bowl to Revel Hidden Surprise Gift. Embellish with Glitter, Confetti, Sprinkles & More. Yellow & Pink","Cellar Charm",Beauty,3.50,"Make sure this fits by entering your model number. | Decorate Like a baker: create an eye-catching sugar bomb decorated with whipped frosting-like soap to create cool patterns, shapes and textures that resemble your favorite sugary dessert | Design with pizzazz: embellish your sugar bomb creation with personality and charm using shimmery glitter, bright confetti, dazzling sprinkles and a dissolvable icon | Watch it fizz: once your sugar bomb is complete, place it into a bowl of warm water and watch it soothingly fizzes and dissolve | Surprise inside: enjoy the surprise left behind your sugar bomb dissolves | Recommended use: place into a bowl of warm water to watch it fizz and bubble, not for bath time. Do not apply around eyes",https://images-na.ssl-images-amazon.com/images/I/41aAcoYor3L.jpg|https://images-na.ssl-images-amazon.com/images/I/41mMyOOcoRL.jpg|https://images-na.ssl-images-amazon.com/images/I/41hep3O5M9L.jpg|https://images-na.ssl-images-amazon.com/images/I/4134TmVfSNL.jpg|https://images-na.ssl-images-amazon.com/images/I/31YJHVk49xL.jpg
P63,"Everest Deluxe Small Backpack, Black, One Size","Lifecycle Fashion",Clothing,15.26,"Make sure this fits by entering your model number. | Dimensions 9.5"" x 6"" x 13"" (LxWxH) | Lightweight and compact-sized backpack for everyday use | Dual zippered main compartment | Two front pockets: 1) Double zippered pocket with organizer and key ring, 2) Zippered pocket for easy access | Dual side mesh pockets for water bottles",https://images-na.ssl-images-amazon.com/images/I/4107pi0NkNL.jpg|https://images-na.ssl-images-amazon.com/images/I/41llNFdtP1L.jpg|https://images-na.ssl-images-amazon.com/images/I/41qykYyd1UL.jpg
P64,"Whitmor Kids Canvas Collapsible Cube-10 x 10 x 10 inches, Pink, Owl Collection",Homy,Home,12.51,"Make sure this fits by entering your model number. | Durable canvas construction with felt animal appliqu√© | Fits great inside wood or wire storage cubes; folds flat for easy storage when not in use | Perfect size to store toys and books or to organize clothing and accessories | Dimensions: 10 L x 10 W x 10 H inches | Attractive, playful design compliments your child‚Äôs bedroom or play area | Folds flat for easy storage when not in use. Bottom of cube pulls upward and walls fold on top of each other into a very thin, flat profile for easy storage | A perfect addition to playrooms, bedrooms, classrooms, and more. Each playful, eye-catching design adds a touch of fun to any room! | For over 70 years, Whitmor has been bringing organization home. If you have questions or problems, please contact us for immediate assistance",https://images-na.ssl-images-amazon.com/images/I/41p61m2Ce2L.jpg|https://images-na.ssl-images-amazon.com/images/I/41PKhNAWz0L.jpg|https://images-na.ssl-images-amazon.com/images/I/419AVwjn%2BWL.jpg|https://images-na.ssl-images-amazon.com/images/I/31IBbWu0UOL.jpg|https://images-na.ssl-images-amazon.com/images/I/01akNUttFZS.jpg
P65,"Bento Box Style 2 Layer Lunchbox by Asvel",Homy,Home,17.99,"Make sure this fits by entering your model number. | Two layers and a snap on cover with a pair of chopsticks in the lid! | This bento style lunchbox measures 8 1/4 inches long and 3 inches tall | One inner layer also has a sliding food divider to keep your foods seperate | Use this contemporary looking bento box for lunch, dinner or snacks | There is also a carrying bag and heavy elastic band",https://images-na.ssl-images-amazon.com/images/I/41ltQQ3tE5L.jpg|https://images-na.ssl-images-amazon.com/images/I/31o86j1wJLL.jpg|https://images-na.ssl-images-amazon.com/images/I/31CWcPLd2CL.jpg|https://images-na.ssl-images-amazon.com/images/I/51c-RsdgbcL.jpg|https://images-na.ssl-images-amazon.com/images/I/41P6BDh2g4L.jpg|https://images-na.ssl-images-amazon.com/images/I/413GCWOgfmL.jpg|https://images-na.ssl-images-amazon.com/images/I/415SG8TDCPL.jpg
P66,"AMAV Cotton Candy Party Building Kit. Your children will love this delicious treat, and probably you will too",Homegenics,Home,14.99,"Make sure this fits by entering your model number. | Cotton Candy Party allows you to bring the carnival to your own home. | A great party or family activity your kids are sure to love. | Uses regular sugar (Not Included), it‚Äôs easy to use and easy to clean. | Great gift for Christmas, birthdays or for anyone who loves cotton candy. | Recommended for ages 8 and up. | What‚Äôs in the box? Cotton Candy Machine, Cotton Candy Sticks, Instructions.",https://images-na.ssl-images-amazon.com/images/I/51LnqLMtlXL.jpg|https://images-na.ssl-images-amazon.com/images/I/518WWmvWbYL.jpg|https://images-na.ssl-images-amazon.com/images/I/51ZzKNnreGL.jpg|https://images-na.ssl-images-amazon.com/images/I/51yo0Kqq2oL.jpg|https://images-na.ssl-images-amazon.com/images/I/511C2hWJ8yL.jpg|https://images-na.ssl-images-amazon.com/images/I/4124rC9zjNL.jpg|https://images-na.ssl-images-amazon.com/images/I/610Y7sEnmPL.jpg
P67,"Whitmor Kids Canvas Collapsible Cube Fox",JUSK,Home,12.69,"Make sure this fits by entering your model number. | Durable canvas construction with felt animal appliqu√© | Fits great inside wood or wire storage cubes; folds flat for easy storage when not in use | Perfect size to store toys and books or to organize clothing and accessories | Dimensions: 10 L x 10 W x 10 H inches | Attractive, playful design compliments your child‚Äôs bedroom or play area | Folds flat for easy storage when not in use. Bottom of cube pulls upward and walls fold on top of each other into a very thin, flat profile for easy storage | A perfect addition to playrooms, bedrooms, classrooms, and more. Each playful, eye-catching design adds a touch of fun to any room! | For over 70 years, Whitmor has been bringing organization home. If you have questions or problems, please contact us for immediate assistance",https://images-na.ssl-images-amazon.com/images/I/516Xz%2Bbs3DL.jpg|https://images-na.ssl-images-amazon.com/images/I/51wS5H5yAeL.jpg|https://images-na.ssl-images-amazon.com/images/I/41A6CDCm-nL.jpg|https://images-na.ssl-images-amazon.com/images/I/21LlmxUCtTS.jpg
P68,"Select Campo Soccer Ball",Lening,Sports,14.66,"QUALITY SOCCER BALL AT AN AFFORDABLE PRICE: Newly developed PVC-composite cover with improved softness, bounce and durability | MAXIMUM AIR RETENTION: Butyl bladder provides optimal air retention | ADDITIONAL FEATURES: Machine stitched 32-panel construction with a 1-year warranty | PLEASE NOTE: BALL SHIPS DEFLATED | INTENDED USE: The Campo ball is designed as a youth RECREATIONAL/CAMP soccer ball.",https://images-na.ssl-images-amazon.com/images/I/51FhMSJEpaL.jpg|https://images-na.ssl-images-amazon.com/images/I/519ui4lTe9L.jpg|https://images-na.ssl-images-amazon.com/images/I/61pWol8n36L.jpg|https://images-na.ssl-images-amazon.com/images/I/613F4q-5urL.jpg|https://images-na.ssl-images-amazon.com/images/I/61KP7slTvAL.jpg|https://images-na.ssl-images-amazon.com/images/I/61OvzbnPWsL.jpg|https://images-na.ssl-images-amazon.com/images/I/51eSu%2BmkLNL.jpg
P69,"Board Games and Beer T Shirt For Gamer and Drinker","BestPrice Clothing",Clothing,19.99,"Solid colors: 100% Cotton; Heather Grey: 90% Cotton, 10% Polyester; All Other Heathers: 50% Cotton, 50% Polyester | Imported | Machine wash cold with like colors, dry low heat | If It Involves Boardgames and Beer Count Me In | Great boardgame and beer novelty tee shirt gift for gamers who like board games, tabletop gaming and love drinking beer | Lightweight, Classic fit, Double-needle sleeve and bottom hem",https://images-na.ssl-images-amazon.com/images/I/51FhMSJEpaL.jpg|https://images-na.ssl-images-amazon.com/images/I/519ui4lTe9L.jpg|https://images-na.ssl-images-amazon.com/images/I/61pWol8n36L.jpg|https://images-na.ssl-images-amazon.com/images/I/613F4q-5urL.jpg|https://images-na.ssl-images-amazon.com/images/I/61KP7slTvAL.jpg|https://images-na.ssl-images-amazon.com/images/I/61OvzbnPWsL.jpg|https://images-na.ssl-images-amazon.com/images/I/51eSu%2BmkLNL.jpg
P70,"Jack Wolfskin Kid's Moab Jam Hiking Hydration Backpack","Lifecycle Fashion",Clothing,49.95,"Make sure this fits by entering your model number. | SHELL: 100% POLYESTER; LINING: 100% POLYESTER | Imported | Sporty children's pack / for children aged 6+ / full-contact suspension system with good ventilation / main compartment, 5 pockets | Attachment loop for LED light / ACS TIGHT: flexible, full-contact suspension system with outstanding ventilation (designed for children aged 6+) | Reflective detailing / detachable chest strap with signal whistle / attachment for LED light / reflective detailing / name card, stencil card w. ruler | Large main compartment with wide aperture zip and inner pocket (doubles as storage pouch for water bladder), front pocket with integrated key clip | Equipped for a hydration system (inner stow pouch, tube duct and fastener) / easy-access mesh pouch on front, 2 elasticated mesh side pouches",https://images-na.ssl-images-amazon.com/images/I/41tI2B3-muL.jpg|https://images-na.ssl-images-amazon.com/images/I/41trZcVbyML.jpg
P71,"KidsEmbrace Batman 2-in-1 Child Safety Harness and Travel Buddy","Clothing Gold",Clothing,17.11,"SECURITY: Removable leash is easy to attach to kids backpack for use while in crowded spaces for safety and peace of mind | DETACHABLE LEASH: Tether is removable from backpack so your young traveler can utilize and access their essentials in the mini-backpack storage pouch | EASY TO USE: The tether strap extends 3-feet out with a comfortable hand loop for guiding your little one around while letting them explore | KIDS BACKPACK: The soft polyester backpack provides extra storage in the zipper compartment for their snacks, toys, trinkets and crime fighting supplies | QUALITY: Both harness straps are adjustable and are secured with a kid-proof, side release buckle for extra security",https://images-na.ssl-images-amazon.com/images/I/41lMU-su5qL.jpg|https://images-na.ssl-images-amazon.com/images/I/41FP8p0OMfL.jpg|https://images-na.ssl-images-amazon.com/images/I/41-8q0RPfcL.jpg
P72,"Rubies SW VIII Porg Shoulder Sitter-","BestPrice Clothing",Clothing,5.79,"Foam, Plastic | Imported | Spot clean | Child's Inflatable Porg Shoulder Sitter costume accessory | Designed as a child's costume accessory | Officially licensed Star Wars costume; look for authentic Disney, Lucas Film, and Rubie's trademarks | Look for Rubie's Star Wars costumes, accessories, and decor in sizes and styles for the entire family - and from every movie from The Phantom Menace to The Last Jedi, including Clone Wars, Rogue One, and the next movie | Family-owned, family-focused, and based in the U.S.A. since 1950, Rubie‚Äôs has classic and licensed costumes and accessories in sizes and styles for your entire family",https://images-na.ssl-images-amazon.com/images/I/41Y6mV71SCL.jpg|https://images-na.ssl-images-amazon.com/images/I/51GaxwRrrvL.jpg
P73,"Hollywood Makeup Center, Standard Packaging","Cellar Charm",Beauty,12.59,"Make sure this fits by entering your model number. | Hollywood Makeup Center is a complete kit with everything you need for almost any look | Makeup includes an 8 color palette, 5 highlight color sticks, and 4 packets of cream makeup | Extras include 1 tube of fake blood and 3 blood capsules, plus scar wax, fake skin, black tooth wax, 1 packet hair color, and 3 glitter gels | Includes 2 sponges, 2 mini applicators, and 1 brush for easy application | Makeup washes off with water",https://images-na.ssl-images-amazon.com/images/I/510-%2BLzkraL.jpg|https://images-na.ssl-images-amazon.com/images/I/41FRydmHcrL.jpg
P74,"Bumkins DC Comics Wonder Woman Snack Bags, Reusable, Washable, Food Safe, BPA Free, Pack of 2",Homegenics,Home,6.99,"REUSE AND REDUCE WASTE ‚Äì The better alternative to single-use plastic bags. Bumkins Sandwich Bags and Snack Bags single ply construction means no worrying about icky stuff growing between layers of fabric. Without a cotton layer, stains and smells don't stick to your bag. Easy to wash - use over and over again! Never run out of plastic bags! | LAB TESTED FOOD SAFE ‚Äì At Bumkins, we take pride in our rigorous product testing to ensure you have the safest possible products. Our sandwich and snack bags are BPA-free, PVC-free, vinyl-free, phthalate-free and lead-free. | LONG-LASTING ‚Äì Made from Bumkins' signature waterproof and stain-resistant fabric that‚Äôs both soft and strong. Tough enough for daily use, it stands up to messes. (although fabric is waterproof, bags are not completely leakproof due to zippered closure) | EASY-TO-CLEAN ‚Äì Our fabric is wipeable, machine washable and dishwasher-safe (top rack). Turn inside-out to wash. To extend the life of our reusable bags, we recommend air drying our quick-dry fabric. | LOTS OF USES ‚Äì Not just for food. Sandwich and snack bags make excellent organizers for storage and travel! Stash inside your purse, diaper bag, or travel bag. Great for pacifiers, cosmetics, cash, electronics, and more.",https://images-na.ssl-images-amazon.com/images/I/51%2Bk-Co1VlL.jpg|https://images-na.ssl-images-amazon.com/images/I/61809EH0NuL.jpg|https://images-na.ssl-images-amazon.com/images/I/61T8SKG47LL.jpg|https://images-na.ssl-images-amazon.com/images/I/61NSM%2BuinoL.jpg|https://images-na.ssl-images-amazon.com/images/I/31fraGNDI%2BL.jpg|https://images-na.ssl-images-amazon.com/images/I/51BtUPBS7IL.jpg
P75,"Red Rock Outdoor Gear - Rover Sling Pack","Lifecycle Fashion",Clothing,31.41,"Make sure this fits by entering your model number. | 100% polyester | Imported | Adjustable ambidextrous strap for over the shoulder carry | Snap closure concealed carry pocket on back panel | Four compartment for the bare necessities | Rugged 600 Denier Polyester construction with PVC lining",https://images-na.ssl-images-amazon.com/images/I/41djkuz2qBL.jpg|https://images-na.ssl-images-amazon.com/images/I/41PPbg1%2B44L.jpg|https://images-na.ssl-images-amazon.com/images/I/41pqPVQZGwL.jpg|https://images-na.ssl-images-amazon.com/images/I/41GOSqLwTEL.jpg|https://images-na.ssl-images-amazon.com/images/I/41yzUAIuVcL.jpg|https://images-na.ssl-images-amazon.com/images/I/51%2BbZrzIf6L.jpg|https://images-na.ssl-images-amazon.com/images/I/510Dc4rK5EL.jpg
P76,"Thermos Soft Lunch Kit, Star Wars Rebels",JUSK,Home,13.75,"Make sure this fits by entering your model number. | Reduce waste and save money by packing your child's lunch in a reusable Thermos brand lunch kit | 100% PVC free with PEVA linings | Superior quality closed cell polyethylene foam insulation | Comfortable, padded carrying handle | Detailed screen printed graphics",https://images-na.ssl-images-amazon.com/images/I/51-YzaDQ8cL.jpg
P77,"UPD Frozen Elsa Anna Light Up Backpack School Bookbag","Evolution Clothes",Clothing,20.50,"Imported | Polyester lining | Zipper closure | Backpacks is full size 16"" | Backpack light up in front | Adjustable shoulder strap Two zipper closure | Features zippered main compartment | 2 side mesh pocket",https://images-na.ssl-images-amazon.com/images/I/51ftII0UQKL.jpg|https://images-na.ssl-images-amazon.com/images/I/419AcMCBOhL.jpg|https://images-na.ssl-images-amazon.com/images/I/41y2O4BeRRL.jpg
P78,"Black Panther Sunglasses","Clothing Gold",Clothing,7.97,"99% Plastic / 1% Brass | Imported | All Sun-Staches Sunglasses provide 100% UV400 protection and impact resistant lenses because we care! | Instant party starter and very comfortable to wear | Great for kids and adults, one size fits most | As seen on the popular show, Shark Tank | Officially licensed product",https://images-na.ssl-images-amazon.com/images/I/51h8J-b7YAL.jpg|https://images-na.ssl-images-amazon.com/images/I/614orv6-xqL.jpg|https://images-na.ssl-images-amazon.com/images/I/41bQ7yqJ2xL.jpg|https://images-na.ssl-images-amazon.com/images/I/51weOQ6vNDL.jpg
P79,"A&R Sports Tie-Dye Hockey Balls (Pack of 4)",Lening,Sports,11.99,"Make sure this fits by entering your model number. | Four street/roller Hockey balls | Tie-dye color design | Low bounce ball | From A&R Sports, the leading Brand in sports accessories for over 20 years",https://images-na.ssl-images-amazon.com/images/I/51NEzTNPBeL.jpg|https://images-na.ssl-images-amazon.com/images/I/41NS8nc8eNL.jpg
P80,"Skip Hop Toddler Backpack, 12"" Butterfly School Bag, Multi","BestPrice Clothing",Clothing,19.90,"Perfect back pack for toddler to preschool to kindergarten | School bag includes an insulated front pouch to keep snacks and lunch at the right temperature | Canvas material and easy-to-clean lining makes for the perfect backpack for kids on the go! | Roomy main compartment to fit all of your little one's things. Size (inches) 11l x 5w x 12h | Includes an adjustable mesh bottle pocket and is Phthalate-free",https://images-na.ssl-images-amazon.com/images/I/51Xy5SCTOuL.jpg|https://images-na.ssl-images-amazon.com/images/I/51k5vHoNBML.jpg|https://images-na.ssl-images-amazon.com/images/I/51cTFCjp5VL.jpg|https://images-na.ssl-images-amazon.com/images/I/41NeowEL3PL.jpg|https://images-na.ssl-images-amazon.com/images/I/51xCIUhWyxL.jpg|https://images-na.ssl-images-amazon.com/images/I/31S4uXwpnWL.jpg|https://images-na.ssl-images-amazon.com/images/I/618CQtDaRuL.jpg
P81,"Lunchskins Reusable 2 Piece Food Storage Bag Set, 1 Sandwich Bag + 1 Snack Bag, Blue Whale",Homegenics,Home,10.99,"Make sure this fits by entering your model number. | üåø STYLISH + PLANET FRIENDLY dishwasher-safe, resealable, snack bags and reusable sandwich lunch bags. Set includes 1 Large and 1 Small reusable food bag. | üåø EASY TO USE reusable storage bags are easy to open + close in stylish patterns for the whole family to enjoy. The dishwasher-safe, grease-proof, moisture-proof, lining helps keeps food fresh. | üåø DURABLE FOOD-SAFE lunch sandwich bags designed by a mom and lifetime environmentalist on a mission to replace single-use plastic with sustainable solutions that are easy to use and accessible to everyone. Lunchskins are an affordable BPA-Free, PVC-free & Phthalate-free alternative to single-use plastic baggies. | üåø REUSABLE BAGS that hold everything from sandwiches to crackers to your phone, keys, makeup, toiletries, pet treats, and more. These personalizable storage bags will be your favorite on-the-go reusable bags for years to come. | üåø FEEL GOOD using these reusable cloth sandwich + snack bags. A LIFE LESS PLASTIC. üôå",https://images-na.ssl-images-amazon.com/images/I/51kaNJYosGL.jpg|https://images-na.ssl-images-amazon.com/images/I/51PVSWM3avL.jpg|https://images-na.ssl-images-amazon.com/images/I/518l4MPN7uL.jpg|https://images-na.ssl-images-amazon.com/images/I/41AHlncXokL.jpg|https://images-na.ssl-images-amazon.com/images/I/51Zv3A1gQmL.jpg|https://images-na.ssl-images-amazon.com/images/I/51W6v9j6ndL.jpg|https://images-na.ssl-images-amazon.com/images/I/610uzfbUVgL.jpg
P82,"Creativity for Kids Glitter Nail Art - Glitter Manicure Kit for Kits","Cellar Charm",Beauty,14.79,"Make sure this fits by entering your model number. | COMPLETE NAIL KIT: Everything you need to create glitter nail art right at your fingertips. With plenty of sparkle, this kit includes: 3 bottles of water-based, peel off glitter polish, 6 glitter pots, confetti and rhinestones | EASY CLEAN-UP: Unique glitter application station minimizes mess for easy glitter application with easy clean-up | KID-FRIENDLY NAIL POLISH: The Glitter Nail Art Kit contains non-toxic and low odor, water based, peel-off glitter polish that is safe for kids | EASY STORAGE: Nail kit comes with a manicure storage bag to hold all of your manicure tools and glitter | GREAT GROUP ACTIVITY: Have a spa day with your friends! This glitter nail kit comes with enough glitter and nail polish for a small group activity. Have a mani day with your friends, or design your nails completely unique to you",https://images-na.ssl-images-amazon.com/images/I/61DTJklgP9L.jpg|https://images-na.ssl-images-amazon.com/images/I/61-xoiHihNL.jpg|https://images-na.ssl-images-amazon.com/images/I/41zSek1YEQL.jpg|https://images-na.ssl-images-amazon.com/images/I/51xtsWJqxiL.jpg|https://images-na.ssl-images-amazon.com/images/I/51xgKCRq0QL.jpg|https://images-na.ssl-images-amazon.com/images/I/41JcMra642L.jpg|https://images-na.ssl-images-amazon.com/images/I/613Z%2Bv3piEL.jpg
P83,"Nautica Diagonal Front Zip Full Size Backpack for Kids","Evolution Clothes",Clothing,20.11,"100% Polyester | Imported | Zipper closure | Hand Wash | 100 percent polyester lightweight backpack - our Nautica kids full sized kids backpack is 100 percent polyester making it super lightweight and easy to clean | Easy access storage - this Nautica kids backpack features an easy access front zippered pocket and a large main storage compartment. This bag has all the storage your child needs to be used a school backpack and/or used as a travel backpack | Comfy and functional - this kids backpack features adjustable padded shoulder straps, a padded back panel, and a top handle mesh loop. The Nautica kids color block full size backpack is comfy and practical for your child's every day use | Great style - our Nautica backpack features a direct printed logo treatment (our classic Nautica logos), an exterior diagonal zip pocket with reflective taping, and bright colors that are fun for children of all ages | Easy maintenance - our Nautica kids bag is easy to clean via spot cleaning, which makes it the perfect daily accessory for your young child to be used at school, at home and while traveling",https://images-na.ssl-images-amazon.com/images/I/41cZnejltoL.jpg|https://images-na.ssl-images-amazon.com/images/I/414B1F3XvHL.jpg|https://images-na.ssl-images-amazon.com/images/I/51fa09VUCiL.jpg
P84,"Little Blue House By Hatley Kids' Big 3D Mug, Mouse, 14 oz","Evolution Clothes",Clothing,8.50,"100% Ceramic | Imported | No Closure closure | Machine Wash | Comfy-sized handle for your morning beverage of choice | Suitable for hot and cold Liquids | Holds 14 oz/ 414 ml | Dishwasher safe | Microwave safe",https://images-na.ssl-images-amazon.com/images/I/410rcNTLiJL.jpg|https://images-na.ssl-images-amazon.com/images/I/41%2BRzzjZ4sL.jpg|https://images-na.ssl-images-amazon.com/images/I/410iHWJ-pmL.jpg
P85,"Wildkin 33527 Rip-Stop Black/Green Box Lunch Bags, One Size",JUSK,Home,12.59,"Make sure this fits by entering your model number. | SPACIOUS DESIGN ‚Äì Measures 9.75 x 7.5 x 3.25 inches. You‚Äôll find it super spacious and will have no problem fitting your lunch inside. Best of all, our lunch box is compatible with the Bentgo Kids bento box and the Yumbox Original, Panino, Tapas, and MiniSnack bento boxes. So go ahead, pack that extra treat! | Food-safe^PVC-, BPA- and phthalate-free^Easy to clean",https://images-na.ssl-images-amazon.com/images/I/51umzN%2B1QjL.jpg|https://images-na.ssl-images-amazon.com/images/I/41MEMbfgk8L.jpg|https://images-na.ssl-images-amazon.com/images/I/41Y2IebjoEL.jpg|https://images-na.ssl-images-amazon.com/images/I/41YDFYebc5L.jpg|https://images-na.ssl-images-amazon.com/images/I/41U-Ffp6WuL.jpg|https://images-na.ssl-images-amazon.com/images/I/41DuNeHr6bL.jpg
P86,"Gymboree Girls' Backpack","Evolution Clothes",Clothing,17.55,"100% Polyester | Imported | Zipper closure | Machine Wash | Padded adjustable shoulder straps | Large front pocket with zipper closure",https://images-na.ssl-images-amazon.com/images/I/413ORH%2Bj3VL.jpg|https://images-na.ssl-images-amazon.com/images/I/416LQmOp9HL.jpg|https://images-na.ssl-images-amazon.com/images/I/41%2Bw6ROcckL.jpg
P87,"Stephen Joseph Kids' Toddler Cats","Clothing Gold",Clothing,25.73,"Make sure this fits by entering your model number. | Fun & functional: colorful, exciting characters and patterns make this bag super stylish. Your child is sure to find something they love with the variety of designs offered. | Special features: with zipper pockets, unique embroidered and appliqued designs there are plenty of great features on this backpack that set it apart from your average bag. Adjustable straps and a handy loop Also make it kid friendly and parent Approved. | Spacious design: measuring 12""x 13.5"" This bag offers plenty of room for all the necessities and is a great size for young children! | High quality: with a durable construction and flexible cotton twill material, fully lined with a magnetic snap and drawstring closure, you can be assured this bag will be your go- to whether you use it as a diaper bag, backpack, or travel bag.",https://images-na.ssl-images-amazon.com/images/I/417o7Zmq9OL.jpg|https://images-na.ssl-images-amazon.com/images/I/41bdX3aWfUL.jpg|https://images-na.ssl-images-amazon.com/images/I/41HPgBCj5WL.jpg|https://images-na.ssl-images-amazon.com/images/I/51ZM6qUJs0L.jpg|https://images-na.ssl-images-amazon.com/images/I/41V8ytTy%2BFL.jpg
P88,"Wildkin Kids Insulated Lunch Box for Boys and Girls, Perfect Size for Packing Hot or Cold Snacks for School and Travel, Patterns Coordinate with Our Backpacks and Duffel Bags, Wild Animals",Homy,Home,10.88,"Make sure this fits by entering your model number. | DO YOUR PART FOR THE ENVIRONMENT AT A GREAT PRICE ‚Äì Say ‚Äúgoodbye‚Äù to those brown paper bag days and ‚Äúhello‚Äù to a more environmentally friendly approach to lunch time. Reduce waste and save money with our reusable lunch box! | BOLD PATTERNS ‚Äì Wildkin‚Äôs lunch box line is not only one of the best options on the market, but each pattern offers a fun and bold look that make it fun to carry around. Pick your favorite color or let your little one select a pattern with their favorite theme. | SUPERIOR QUALITY ‚Äì Premium fabric makes this lunch box durable, sturdy and easy to clean. Insulation helps retain hot and cold temperatures throughout the day to improve food quality, freshness and taste. | TRAVEL-FRIENDLY DESIGN ‚Äì Each compact, lightweight lunch box can hold a good-sized container with plenty of room for snacks, utensils and juice boxes. Features include a zippered front pocket for hiding a surprise dessert or fun note and a handy inner mesh pouch perfect for napkins and utensils. | SPACIOUS DESIGN ‚Äì Measures 9.75 x 7 x 3.25 inches. You‚Äôll find it super spacious and will have no problem fitting your lunch inside. Best of all, our lunch box is compatible with the Bentgo Kids bento box and the Yumbox Original, Panino, Tapas, and MiniSnack bento boxes. So go ahead, pack that extra treat! | COORDINATES WITH OTHER WILDKIN GEAR ‚Äì Make a theme out of it! Each lunch box was designed to coordinate with other Wildkin gear. From backpacks, to duffel bags, to sleeping bags, your child will love having their favorite designs with them on-the-go. | GUARANTEED SATISFACTION ‚Äì PVC, BPA and Phthalate-free makes this an eco-friendly option with an unmatched quality and a reliable replacement warranty for service you can trust. | Sturdy, durable, fabric construction | Pvc, bpa & phthalate-free | Available in lots of great patterns | Insulated and easy-to-clean | Zippered front pocket | Manufacturer recommended age: 3-15 years",https://images-na.ssl-images-amazon.com/images/I/51lWNUbDCxL.jpg|https://images-na.ssl-images-amazon.com/images/I/51R1FuCSVWL.jpg|https://images-na.ssl-images-amazon.com/images/I/413IRLI7KhL.jpg|https://images-na.ssl-images-amazon.com/images/I/51%2B0Hb6p0NL.jpg|https://images-na.ssl-images-amazon.com/images/I/41q%2B4edPTrL.jpg|https://images-na.ssl-images-amazon.com/images/I/514TWmLOvYL.jpg|https://images-na.ssl-images-amazon.com/images/I/41HGHZSzDkL.jpg
P89,"Crocodile Creek Eco Kids Reusable Jungle Jamboree Lime Green Sandwich Keeper Eco Kids Sandwich Keeper",Homy,Home,8.00,"Make sure this fits by entering your model number. | Sandwich Keepers are 525""H x 55""W x 2""D | Made of polypropylene, BPA free, Phthalate free, non-toxic | Solid one-piece construction prevents crushing and lost lids | Easy for children to open and close latch | Hand washing recommended, Lifetime manufacturer Warranty",https://images-na.ssl-images-amazon.com/images/I/41j8tCh8NBL.jpg
P90,"Roces 550047 Women's Model Quaddy 1.0 Roller Skate, US 2.5-4.5, White/Pink",Lening,Sports,79.99,"Make sure this fits by entering your model number. | Velvetted PP foot bed | Laces, Velcro and buckle closure | Casted PVC 54x32mm wheels | Pe sole, roller skate kids roller skate",https://images-na.ssl-images-amazon.com/images/I/51ap4%2B9F-DL.jpg
P91,"Disney Pooh Nail Clipper Keyring",Beautx,Beauty,13.69,"Make sure this fits by entering your model number. | Attached to a keyring | Safety Nail Clipper | Great for a gift",https://images-na.ssl-images-amazon.com/images/I/31uC4Io7HnL.jpg
P92,"Skip Hop Zoo Kids Insulated Lunch Box, Blossom Butterfly, Pink",Homegenics,Home,14.99,"Polyester | Roomy, insulated lunch bag keeps food and drinks cold | Large main compartment of the kids lunch box is big enough for a sandwich, apple and juice box | Lunchbags easily wipe clean or are machine washable on a gentle cycle and allow to air dry with a gentle detergent. | Interior mesh pocket in the lunch container for utensils and more | Lunchbox includes top handle clip to attach onto any backpack or diaper bag. | Age: 3 months plus. BPA-free, phthalate-free | Write-on nametag inside ; Fabric & care: Before first use, clean the product, do not store in direct sunlight, as this may damage product | Large main compartment big enough for a sandwich, apple and juice box | Adorable zoo face with crafted details | Caution- Strangulation hazard, not suitable for children under three years, due to small parts and long cord",https://images-na.ssl-images-amazon.com/images/I/51jyZP5SQDL.jpg|https://images-na.ssl-images-amazon.com/images/I/41qlxoBEEBL.jpg|https://images-na.ssl-images-amazon.com/images/I/41RqmQ29rUL.jpg|https://images-na.ssl-images-amazon.com/images/I/61FlQBAt2qL.jpg|https://images-na.ssl-images-amazon.com/images/I/51RVqAZ%2B--L.jpg|https://images-na.ssl-images-amazon.com/images/I/51EGMmJK67L.jpg|https://images-na.ssl-images-amazon.com/images/I/618CQtDaRuL.jpg
P93,"FanWraps Fallout 4 Vault-Tec Weathered Tin Tote Replica",Homy,Home,15.99,"Make sure this fits by entering your model number. | Anti-Rust Coating | Full-Color Printing | Licensed and Authentic",https://images-na.ssl-images-amazon.com/images/I/51Os-EyDq-L.jpg|https://images-na.ssl-images-amazon.com/images/I/511zM6svCSL.jpg|https://images-na.ssl-images-amazon.com/images/I/51lXpWCNIzL.jpg|https://images-na.ssl-images-amazon.com/images/I/51H9nuv2vaL.jpg|https://images-na.ssl-images-amazon.com/images/I/51NprVd2DSL.jpg
P94,"Vandor Star Wars Death Star Shaped Tin Tote",JUSK,Home,15.95,"Make sure this fits by entering your model number. | Features the iconic Sgt. Pepper‚Äôs Lonely Hearts Club logo with stylish chrome accents | Convenient interior night light | Traditional ticking second hand | Classic alarm clock ring | AA battery-operated (not included)",https://images-na.ssl-images-amazon.com/images/I/514K2kJK4uL.jpg|https://images-na.ssl-images-amazon.com/images/I/41JseettUSL.jpg
P95,"LEGO 40240602 Lunchbox with Handle, Bright Blue",Homegenics,Home,12.64,"Make sure this fits by entering your model number. | Have fun while staying organized | Recommended for ages 3+ | Other colors and sizes available | Makes for the perfect gift | Handle wash recommended",https://images-na.ssl-images-amazon.com/images/I/4123q3L87bL.jpg|https://images-na.ssl-images-amazon.com/images/I/41EvnIDsI-L.jpg|https://images-na.ssl-images-amazon.com/images/I/4188kO7VV4L.jpg|https://images-na.ssl-images-amazon.com/images/I/31zi9gHditL.jpg
P96,"Nickelodeon Paw Patrol Pop Up Hamper, 13.5"" x 13.5"" x 21.5""",JUSK,Home,7.89,"Make sure this fits by entering your model number. | Features colorful graphics of Nick Jr's popular Paw Patrol! | Perfect for organizing your child's room and closet | Folds for easy storage when not in use | Nylon and mesh fabrication | Dimensions: 13.5"" L x 13.5"" W x 21.5"" H",https://images-na.ssl-images-amazon.com/images/I/41ljpPidieL.jpg|https://images-na.ssl-images-amazon.com/images/I/51z9hDQfPUL.jpg
P97,"Cosom Senior Plastic Hockey Sticks for Floor Hockey and Street Hockey, High School Physical Education Equipment, Plastic Hockey Equipment for Practice and Training",Lening,Sports,152.99,"Make sure this fits by entering your model number. | (6) sticks are yellow with white shaft, (6) are black with blue shaft, and set also includes (2) additional replacement blades and (2) 42"" goalie sticks. | 13 oz sticks can be used indoors or outdoors, blades are made of high-density polyethylene that won't mar floors | This set comes with an instruction booklet for hockey on wheels, which can be more fun than floor hockey | Purchase Cosom By Cramer Scooter Boards and you will have what you need to play the game",https://images-na.ssl-images-amazon.com/images/I/41FiLfETBSL.jpg|https://images-na.ssl-images-amazon.com/images/I/41u45rLl%2B0L.jpg|https://images-na.ssl-images-amazon.com/images/I/51-x-%2BtsHbL.jpg|https://images-na.ssl-images-amazon.com/images/I/51A%2BSEtUOgL.jpg|https://images-na.ssl-images-amazon.com/images/I/51Du5rA2bUL.jpg|https://images-na.ssl-images-amazon.com/images/I/41kUl9psrJL.jpg
P98,"Forum Novelties Child Super Hero Gauntlet Gloves, Red","Clothing Gold",Clothing,9.03,"Make sure this fits by entering your model number. | Man-made materials | Imported | Unisex gauntlet gloves only, all other components available separately | One size fits most children | Red; available in other colors | Pair with other Super Hero costume accessories for your own Super Hero costume | Made by Forum Novelties, a leader in costumes and novelty products for more than 30 years",https://images-na.ssl-images-amazon.com/images/I/418I%2Byp8S4L.jpg|https://images-na.ssl-images-amazon.com/images/I/41xBuyO%2BuHL.jpg
P99,"Creativity for Kids Day at The Spa Deluxe Gift Set",Beautx,Beauty,38.88,"Make sure this fits by entering your model number. | 30+ PIECE GIFT SET: Comes with everything you need! This ultimate spa set includes: inflatable pedicure pool, battery operated nail dryer, satin eye mask, pedicure slippers and toe separators, 4 bottles of water-based nail polish, one bottle of water based glitter polish, nail file, buffer, press-on nails, sticker nail art, cotton balls and a satin spa bag. | THROW A SPA PARTY: Have a mani-pedi party with your friends! This kit includes enough supplies for a small group and even includes a spa-party invitation you can use as your party invite! | FABULOUS MANICURES: Shape, file, decorate and design your natural nails with nail stickers or use the included press-on nails for a fabulous new look! Use the included battery operated nail dryer for the full mani experience. (2 AA Batteries not included) | PERFECT PEDICURES: Use your inflatable pedi-pool, toe separators and pedicure slippers for the full spa experience. Paint your nails with the kid-friendly polish that is water-based and non-toxic. | KID TESTED AND SAFE: This kit contains non-toxic, kid friendly nail polish. Recommended for ages 8 to 98.",https://images-na.ssl-images-amazon.com/images/I/51CiLXlCg5L.jpg|https://images-na.ssl-images-amazon.com/images/I/61vTrPrezxL.jpg|https://images-na.ssl-images-amazon.com/images/I/51clI%2Bp-zaL.jpg|https://images-na.ssl-images-amazon.com/images/I/41C%2BNCs949L.jpg|https://images-na.ssl-images-amazon.com/images/I/51lluD86jNL.jpg|https://images-na.ssl-images-amazon.com/images/I/417jgqgRFpL.jpg|https://images-na.ssl-images-amazon.com/images/I/41K%2BuWsP9NL.jpg
P100,"""NHL Ice Time! Collection"" Inflatable Hockey Stick, Party Favor",Lening,Sports,8.57,"Make sure this fits by entering your model number. | Lightweight plastic | Measures 25"" | Perfect as a photo booth prop, or give out as a game prize | Matches our other items in the ""NHL Ice Time!"" collection",https://images-na.ssl-images-amazon.com/images/I/41pWBa3BSxL.jpg
P101,"Ruffneck Scarves Red and White Bar Scarf",Lening,Sports,24.37,"Make sure this fits by entering your model number. | 100% Acryllic | Imported | High-quality 100% acrylic | Jacquard knit | Softest scarf on the planet",https://images-na.ssl-images-amazon.com/images/I/41TagiWpKmL.jpg
P102,"DC Comics Child's Batman Cape and Accessory Bundle","BestPrice Clothing",Clothing,40.80,"Make sure this fits by entering your model number. | OFFICIALLY LICENSED DC Comics costume accessories, look for trademark on labels to help assure you've received authentic items | Batman cape, gauntlets, and light-up dog tags | IMPORTANT: Costumes are sized differently than apparel, use the Rubie‚Äôs Child Size Chart, do not choose based on child‚Äôs age or clothing size | Light-up dog tags on 21-inch chain with replaceable 4LR41 button cell battery projects Batman symbol | Makes a fun gift to encourage a child's imagination",https://images-na.ssl-images-amazon.com/images/I/41kOpw3lK%2BL.jpg|https://images-na.ssl-images-amazon.com/images/I/41byjXvqRYL.jpg|https://images-na.ssl-images-amazon.com/images/I/31PHAeM9U1L.jpg|https://images-na.ssl-images-amazon.com/images/I/41OaT4v0bFL.jpg|https://images-na.ssl-images-amazon.com/images/I/417IqchsyKL.jpg|https://images-na.ssl-images-amazon.com/images/I/319NSsC70ML.jpg|https://images-na.ssl-images-amazon.com/images/I/51IYNy-dSmL.jpg
P103,"Under Armour Medium Fry Backpack","BestPrice Clothing",Clothing,35.00,"100% Polyester | Imported | 100% Polyester lining | Zipper closure | 10.5"" shoulder drop | Machine Wash | 14"" high | 10"" wide | UA Storm technology delivers an element battling, highly water resistant finish | Two main compartments with zippered closures | Soft, fleece lined valuables pocket | Mesh side water bottle pockets | Contoured, adjustable shoulder straps & padded back panel",https://images-na.ssl-images-amazon.com/images/I/51SBLd3GDLL.jpg|https://images-na.ssl-images-amazon.com/images/I/41KwsouMoVL.jpg|https://images-na.ssl-images-amazon.com/images/I/61zNTbduoLL.jpg|https://images-na.ssl-images-amazon.com/images/I/41HnQ-yG3RL.jpg
